id,vmem_mean,vmem_max,vmem_std,vmem_slope,bmem_mean,bmem_max,bmem_std,bmem_slope,bmem_brand_specific
CbfCUSPN7KI,0.08506184172713094,0.11339737226565678,0.016379236817875457,-0.0008010924632909553,0.09394477506478628,0.1048513762652874,0.005582159887842651,-0.00025954447514847206,0.19210925698280334
jRlsROrmo7g,0.11485126902245814,0.11958314975102742,0.007295690168081913,-8.611712320801318e-05,0.10124487169086933,0.10511637851595879,0.004059931224629153,-5.6683921746062905e-05,0.1957397311925888
iiAIWRpKUO8,0.10893789492547515,0.1099799374739329,0.0007623756817017957,2.38360214495069e-05,0.09156427960842847,0.09669599682092667,0.0027956742821077544,8.541770614776785e-05,0.1838366985321045
57a9bkjFRY0,0.09028114376382693,0.1325505351026853,0.01453934319609899,3.389941994747737e-05,0.09973013910154502,0.11252342164516449,0.007241056171847439,7.263617230375861e-05,0.26701539754867554
i6ERRsnbBFc,0.08263132058911853,0.11604897181193034,0.005772651054755477,-8.123878200175405e-05,0.07746254323671262,0.10637395083904266,0.004794315244763736,-8.287441268020882e-05,0.1866201013326645
0N15jobEss8,0.07164289175222317,0.07268311455845833,0.00044158618396857307,2.088558283836579e-06,0.07936267812425891,0.08117358759045601,0.0007115508611942671,1.6598959659645708e-05,0.24292531609535217
v2oOXQNZr-Y,0.05766504591123926,0.05940422912438711,0.0007409780319644015,6.223204126896409e-06,0.0728074767626822,0.07546041160821915,0.0012454899709173249,-8.271237569787364e-06,0.1679241955280304
Sq10VripUxw,0.08952912259846926,0.12258969744046529,0.012132121256431688,3.204631722750711e-05,0.08761360387628277,0.10186959058046341,0.007904039778007533,9.782973399515712e-05,0.19352290034294128
04UX9F6EAlQ,0.09696050708492597,0.12707989166180292,0.010805427684647874,4.582570697893156e-05,0.08750085312252244,0.10186180844902992,0.005280589110359435,1.4230189366236633e-05,0.19417548179626465
C-OMIH1vtSc,0.09091157716595467,0.11438307166099548,0.007087337891564496,5.8935613448977424e-05,0.08916799208770196,0.09485208615660667,0.003845822286622376,0.0001283030737544404,0.17729978263378143
cMNPkC6OTmQ,0.0923151910925905,0.1125358243783315,0.005748816139269611,-0.00013025899241646757,0.09473893716931343,0.11052365973591805,0.004743612379240259,0.00010059884655936024,0.19547227025032043
-KWhDWsIhWk,0.09238759771817259,0.1337525025010109,0.01527844397525326,-0.0002775163438305366,0.09162639832744995,0.11454210430383682,0.008959817074260704,-0.00035293882049746426,0.1843245029449463
gDAnWrg9LPQ,0.08648101277649403,0.1170327290892601,0.007017738612608003,-4.058271284908086e-06,0.06503054592758417,0.10471111536026001,0.010836502173090417,-0.00025930591890234916,0.1604514718055725
iBqY0CFeh1s,0.0999343925052219,0.1362700213988622,0.012640536990415388,-0.00012494432817976536,0.08833373716721932,0.10703324526548386,0.006595356895028118,-0.00019318211930316166,0.1840919852256775
3PtMhSvgeQc,0.09562160128520596,0.12052808701992035,0.01089030096572241,-0.00025604590780483065,0.09281269243607919,0.11071524024009705,0.00538366550546859,-0.0001338878000079012,0.16752701997756958
BttcHvS3wbE,0.09897612471961312,0.12941738466421762,0.009169711168313364,-0.00013132574138673822,0.09311029786864916,0.10369435325264931,0.005622174088111555,-0.00019400561910001526,0.20494991540908813
nN-sDb_TX5w,0.09689787806322175,0.1350969597697258,0.014144446689582939,-0.0005400817675676966,0.0845114539998273,0.10940024629235268,0.009300691661380646,-0.0003176974572570465,0.20022186636924744
Tek3SsG-mq0,0.0923913338739011,0.1351255476474762,0.01604502288591189,-0.00046232463573734885,0.08586501308406393,0.11002577096223831,0.011297544739260462,-0.00028593513574301125,0.1889060139656067
WpyXvmdXs8w,0.08889572792169119,0.12811766316493353,0.005218171119064374,-8.672718774684993e-05,0.09526315170029799,0.09976056963205338,0.001143697421299303,-3.658150009361695e-05,0.22337518632411957
bWm2sc2iggc,0.08455199713094366,0.08563751851518948,0.000864536618566309,2.510373290765163e-05,0.08127371510490775,0.08330268412828445,0.003257923714059063,0.000109993957115581,0.18417532742023468
635p1p_JL_E,0.0675241415699323,0.07548305268088977,0.002422988975414468,-6.202981269303278e-05,0.07222009149069587,0.07806257531046867,0.0018825176477384874,3.682054008923162e-05,0.3139578402042389
7X3j6aW1v-Y,0.1015556396295627,0.11887996892134349,0.008541673489294282,-4.132547507829766e-06,0.08585954339553913,0.11408524215221405,0.00833212505980784,-0.00016534078786541398,0.18871240317821503
_MGM0u37pjg,0.09782213550060988,0.1294592022895813,0.015995870097015447,-0.00036755723916177043,0.0974556705603997,0.11226799711585045,0.00908794051368272,-5.864932300912633e-05,0.24572189152240753
I2YfOwTVqGI,0.09482685675223666,0.1253063902258873,0.007535486552812317,-0.00012551628945436244,0.0784756638109684,0.10481699928641319,0.010034981649101868,-0.00039974232060639654,0.17683109641075134
L_jF4F0w0H4,0.09846913826962313,0.12486862639586131,0.017810322438440777,-0.00031216260809318496,0.09801930394023657,0.11319378390908241,0.00916046948522841,-6.406092035518682e-05,0.245228573679924
jVN1Fcn-K5E,0.09448647730880315,0.12823827316363653,0.004523153711119565,-2.6954163265767072e-05,0.10902952452500661,0.11216110736131668,0.0019194910813203864,-1.159595943020595e-05,0.2353922575712204
Q2g364xy_YA,0.09165585198336176,0.09320054203271866,0.0007327833561863445,3.5456865211654144e-06,0.08439332091559966,0.08706649392843246,0.0008840172674198585,-2.9592874021820305e-05,0.2179403007030487
oYX83NouNK8,0.08862805941866504,0.12823827316363653,0.005192443044232659,-6.904123093757945e-05,0.09433535256733497,0.0962187834084034,0.0005382010331479013,-1.6080836627542325e-05,0.21960201859474182
lTozuupJq7w,0.09696348412997192,0.12844233214855194,0.018751570099097607,-0.0003109731800033725,0.09778875981767972,0.1146460585296154,0.00933016871486278,-3.9943408870008096e-05,0.24600939452648163
-u4ircmhCKI,0.07090030026932556,0.07180595770478249,0.00036024433831003256,6.2946501711822856e-06,0.0920261068890492,0.09286130592226982,0.0006048805669960249,1.3263868263742268e-05,0.22381512820720673
b5YRPnqpoSY,0.0829799955089887,0.0849014235039552,0.00216785019088286,7.361168233489526e-05,0.07801492527748148,0.08146078139543533,0.00331615644645964,0.00010346830647855904,0.17665217816829681
XuxeXRMgvCQ,0.10414789215558105,0.11485679696003596,0.0031166032792873948,8.113576352701166e-05,0.10586049761623144,0.10739883780479431,0.002321328860670264,6.139945724286049e-05,0.27086448669433594
hWXuPULVpAk,0.08386505291693742,0.08520129198829333,0.0009949256936057232,1.47512803130032e-05,0.08594159726053477,0.08755095675587654,0.0011586591033513878,1.9440790118194677e-05,0.25238314270973206
z2bCcMztMg4,0.0938346905219886,0.11378120382626851,0.009796645862849134,0.0001490614434323444,0.07935791298126181,0.10983705520629883,0.012310824626938882,5.449011438495425e-05,0.1712183654308319
5Zp_ktaL2fg,0.07986841085884305,0.0810859203338623,0.00044238175610054165,-1.194085506605884e-05,0.055558596085757014,0.05741129070520401,0.0006465775522527188,-2.1216737701101873e-05,0.2547271251678467
6Y4sfvAvqBc,0.09607911544541518,0.13617964337269464,0.014844856064638635,-0.0006021724238741934,0.0865642989675204,0.10733788087964058,0.009948298725805845,-0.0003974210881845724,0.18956734240055084
rmvCaaYsi8Y,0.08237317274842,0.0842466192940871,0.0018873423733316817,6.499197156360617e-05,0.07735447182009618,0.08161677420139313,0.0029502141044031407,9.497446868445481e-05,0.17761334776878357
wmhEMn7dWF8,0.09833777424775893,0.1327981154123942,0.014407629932132751,-0.0003450421843982419,0.0889541233268877,0.11244475096464157,0.00928379751482085,-0.0002925649476290643,0.1918599158525467
Taz_0-Gqr1g,0.09800081815984513,0.13680635889371237,0.013883528227475076,-0.0004743550906079095,0.08467856512094538,0.10889508947730064,0.01105903803994274,-0.0003982732360227699,0.18109382688999176
wRt4LLiZVno,0.09626263177229301,0.13406952222188315,0.01440893705659386,-0.00039601068858516493,0.0862206345734497,0.10875784605741501,0.008699132034741867,-0.0003099482225486555,0.1883174031972885
9o7LTS9czPM,0.09235089711017079,0.13339737802743912,0.013998796046771105,-0.0005041947430473264,0.085136227371792,0.11072248965501785,0.009464923356143554,-0.00034224201406777384,0.19339480996131897
8xyYM11L32c,0.07520583073298139,0.07595119997859001,0.001104827800035939,3.5755100905083726e-05,0.07436020160093904,0.07595649361610413,0.0027237035832703587,7.649220523113142e-05,0.21672020852565765
mINLTWmJOnI,0.0675342071387503,0.10454249133666356,0.004892542323595411,-6.050415784934834e-05,0.08098416021093727,0.08837280794978142,0.002367810938120191,-6.479378665452468e-05,0.20274071395397186
5oUtsSrZPjU,0.09799848147150543,0.12120159715414047,0.011501447074915124,-0.000257903324885038,0.09375679716467858,0.11411876976490021,0.010418386728032537,-0.0002390349955070545,0.1869429498910904
qYyJVRRTLlk,0.10814116201880905,0.11974387367566426,0.008828070011645282,3.5191787293114717e-05,0.08947776276618243,0.11141933128237724,0.006971213102277695,1.65145980853046e-05,0.1952991485595703
tOsNyKX-h2o,0.10085534546524286,0.12247046083211899,0.009766727852803067,0.00012375689115531576,0.08515270023296277,0.11269164457917213,0.010055146495306776,-0.0001408938920913586,0.17926999926567078
gZzxjn_JD8E,0.09222586585415733,0.13698140035072962,0.016031261173814263,-0.0005998822614844555,0.08463587764029702,0.10865237563848495,0.011541510486560625,-0.0005091821367014744,0.18331865966320038
DABC5xU_PCg,0.09535532697207398,0.13554770002762476,0.0140876833417111,-0.0004301740969150413,0.08607430085539818,0.10806867480278015,0.009862738345832641,-0.00034294275566418,0.18988564610481262
XmvW5xiLD0E,0.09140007882896398,0.1337167645494143,0.015988692535194745,-0.00044030542805000077,0.08091419401268164,0.11099674552679062,0.011647480120520942,-0.0004245104145535034,0.17503376305103302
zSQ0boMmqrk,0.09446592583424514,0.132100577155749,0.012466911995777055,-0.0003698307192412816,0.08712578816339374,0.11172881722450256,0.011864937393788404,-0.00039775412825742795,0.18371914327144623
UHxt2moNPQ8,0.09420975862691798,0.13592159251372019,0.014206759297972403,-0.0005013587888486518,0.08689205984895428,0.10959495604038239,0.009017596180158677,-0.00033820538778219276,0.1822052001953125
_EwXt1oaA1I,0.08890244675179325,0.11485679696003596,0.006635191168157218,-0.00029117129732748317,0.08954577092081309,0.10369435325264931,0.00656449785399749,-0.0002102244160934831,0.22865518927574158
yaLxUlXC1TE,0.10359425855179628,0.13356730590264002,0.015392631527943188,0.0004403246467457089,0.10356948294987281,0.11700716987252235,0.005407534154262095,-6.80258798289544e-05,0.2463863641023636
Y7c0jkiGyt4,0.07620295704238945,0.0771734689672788,0.0005783077250176138,3.90731770539385e-06,0.08133689264456431,0.08395270630717278,0.0007353920604449824,-1.3043779686246524e-05,0.2410106658935547
ZObjsCpoJSI,0.07885341747767395,0.09403416017691295,0.004079586376488493,6.214763737667746e-05,0.09768142147610585,0.10947876796126366,0.012326758944807318,0.0005601836099835627,0.18760590255260468
1WA1fRmpR20,0.07943745874282387,0.11485679696003596,0.004790548239329159,-7.06603619992606e-05,0.08265953936303655,0.10369435325264931,0.003076280806624126,-9.080155867235499e-05,0.22490167617797852
LU5sjyIAsD4,0.11470408609343899,0.13457328329483667,0.009732986248572825,0.00023675507823493706,0.08978767966230711,0.11827447637915611,0.01214792944963101,-0.0001122746447882211,0.20836979150772095
MGSas_waaP0,0.10660242463151612,0.12119666983683904,0.008546707165288932,-0.00020122719968128193,0.09701481560866038,0.12095162644982338,0.00981786136733947,0.0001371792848572594,0.23106184601783752
XzW0x-rvlvE,0.09186626256754,0.12082951019207637,0.012966833404737239,5.477011746153218e-06,0.09665983480711778,0.10759070888161659,0.007319308791207562,9.612051786134973e-06,0.2590838670730591
QRxPq0VVkbs,0.0833236008675562,0.08385501056909561,0.0005289846596155083,1.8823537911719147e-05,0.0763733838374416,0.07760392129421234,0.0013099560172222004,3.3316886604709995e-05,0.17957663536071777
z5lf2uFkO2Q,0.09838116508391169,0.12946201860904694,0.012841315626796131,-0.00034514807114294633,0.09835833627730609,0.11647612228989601,0.008946626691026907,3.767221809989691e-08,0.2504699230194092
wRH30FpJC5I,0.0809745199771391,0.11485679696003596,0.013232540223378806,-0.0005711184944476177,0.09791248850524426,0.10448402166366577,0.005713361709702165,0.00017588140609099418,0.22132642567157745
qe3wn3aSK20,0.1061112851732307,0.12758042911688486,0.014614145673137641,0.0006053025125656743,0.0999043354143699,0.10786548629403114,0.005241782405757915,3.712532395420885e-05,0.21406708657741547
9ed93KYCT2A,0.1045555356476042,0.12085019797086716,0.008083991733832422,0.00024398257760104177,0.08731649226198594,0.10898423939943314,0.007043601907928883,-0.00023307112216634795,0.19688448309898376
dtLecbaiJhg,0.09494520111216437,0.11485679696003596,0.007000619312385719,-0.00021507529869801233,0.0953509636844198,0.10961790755391121,0.006615570920806557,0.00014240106008274085,0.2133818119764328
wAslppSF32U,0.10287322915262646,0.12759729474782944,0.012974966582452716,-0.0003767750810183473,0.09209256395697593,0.11160268634557724,0.008121110022626723,-0.0002510764744007511,0.187318354845047
HrIkZ9wkLlk,0.09999091925306453,0.13905590027570724,0.013207178509899529,-0.0002286685487664143,0.09295382046451171,0.11256073042750359,0.008597860813108687,-0.00020263823637882184,0.19115516543388367
z8L-zr_5FvU,0.08868038283867968,0.11485679696003596,0.010120550412573731,-0.0002645020374804501,0.08095283644894759,0.10369435325264931,0.007450539834886869,-0.00014827482528605702,0.17791502177715302
WWmOGAA0J18,0.09830089207324719,0.13670712957779566,0.016724107859548865,-0.00045229191800847334,0.09757093160102764,0.1098322682082653,0.006863361615961181,0.00012201449183514791,0.22083400189876556
rUEOaqiNI_Q,0.0986187591527899,0.11589861164490382,0.008710238924367248,-9.256870353609439e-06,0.08496121559292077,0.1053483635187149,0.007072822130428873,-0.00011081443584588013,0.1810227930545807
k6TeWlsDcHg,0.06078572476075755,0.06339544430375099,0.0010074661763786383,2.5489456338154614e-05,0.04630224479672809,0.053471434861421585,0.0020346008451419665,-5.993398494353953e-05,0.15377885103225708
p8VgvBavQ-I,0.0833236008675562,0.08385501056909561,0.0005289846596155083,1.8823537911719147e-05,0.0763733838374416,0.07760392129421234,0.0013099560172222004,3.3316886604709995e-05,0.17957663536071777
jm5oF3Hb6nQ,0.09738255981355906,0.12790206571420035,0.018513869404933506,-0.0002572385985340423,0.09679396711289882,0.11478114873170853,0.010041413742671248,-8.275073273177279e-05,0.23790594935417175
qMDIDc5exvA,0.09860823870533043,0.12540644158919653,0.010029714847494901,-0.00019767284110385836,0.09443218701829513,0.12357080727815628,0.007266941687318413,-0.00014947897750210447,0.2054838240146637
WdmM8vPWDJQ,0.09931838141961233,0.13059498369693756,0.016507457568038474,-0.0002949304580260638,0.09801923517758647,0.11323180794715881,0.009723965563255013,-4.8133537274710014e-05,0.2390531748533249
VAkDrP5v20I,0.0810941208153963,0.11485679696003596,0.010667583308470938,-0.0002776956615778564,0.09109076699241996,0.1087842807173729,0.009462451113060391,-0.00015266140352051662,0.24820595979690552
JM9hXuFA5jw,0.09801493978334795,0.12006644407908122,0.010229985484312245,-0.00019393480470238593,0.0926035516584913,0.10534381866455078,0.008142522828162014,-0.00032063782925190404,0.19998309016227722
_1qVUdvVC9A,0.10062711145728827,0.13447794814904532,0.012754498988074885,-0.000410736023495073,0.09042365305746596,0.10782899707555771,0.006430502791255752,-0.00011014833266940773,0.17624486982822418
lj4HuWAmBf8,0.1001542899550663,0.11777324229478836,0.008829175810706929,0.0001965847149293953,0.08949471345792213,0.11047094315290451,0.0065603858770165,-4.0866315849259946e-05,0.18924999237060547
LRm62bqvE6U,0.09813290221823584,0.13027246048053107,0.016509554699041952,-0.00045786781342281065,0.09483954887837172,0.11913937330245972,0.011328696400632055,-0.0001234425526297599,0.24445700645446777
JmAF3a0hBVY,0.07751438599079846,0.0788065493106842,0.0006361769245126129,-2.185308903309444e-05,0.09005794292315841,0.09158777073025703,0.0006369681568770734,-1.6625441412075787e-05,0.23298092186450958
ump7lLHAb68,0.08542151552521521,0.0862430843214194,0.000521992381301257,1.137646930746825e-05,0.07778798590103785,0.07837873324751854,0.0005463782614308036,1.3167882262087092e-05,0.2374100238084793
LT3Re0esWQc,0.10782651919871568,0.12230835109949112,0.01502771379698843,0.0005188817384163627,0.09354340955615044,0.109371367841959,0.007306051562367712,-0.00032949396974512446,0.21037393808364868
ANIj5cGm2MA,0.10043831088890635,0.1273688723643621,0.007575662451121448,-8.572482747110583e-05,0.0957752854252855,0.11693879961967468,0.008035003864395904,-0.0001375975956243421,0.20359282195568085
KbCmtnX48Nk,0.09853937114692397,0.12823583434025446,0.012386283844245859,-0.00043973597728362557,0.09857509409387906,0.1120682992041111,0.008853205034564127,-7.624890811577808e-05,0.2498302310705185
9uVJ5az1eBI,0.11054202870776257,0.12173715978860855,0.011392825227734485,0.0003536820573501258,0.10181260046859582,0.11706751212477684,0.006043232741634796,-8.735112529160016e-05,0.2600919008255005
f0m3lzCEUFM,0.11046501936184036,0.12206182132164638,0.011351493436172356,0.0003416061354443091,0.09636924791460236,0.12352505326271057,0.009781912319558118,-4.666833619494739e-05,0.24993334710597992
mppaVeX5lbQ,0.09373945101267764,0.12068130572636922,0.012614446250180883,-0.0002155941370638298,0.09289050453032056,0.11330414190888405,0.007951923590591738,-2.5137609570067457e-05,0.24338430166244507
RHdFZuWhbZI,0.10472851735022333,0.13081283122301102,0.010525716997642662,5.114234772072552e-05,0.09395633824169636,0.10832992941141129,0.005832073235420331,0.00012089769627922738,0.23759470880031586
mf-PzWbvoFs,0.09301591072645453,0.11566817760467529,0.013513406720925183,-0.00022969749537322042,0.09273383133113385,0.112184539437294,0.00808012807418046,9.393857217027103e-07,0.24292811751365662
ZEsIq3nkKpU,0.09748238027095793,0.1350205490986506,0.01504590012592242,-0.00044943091665814084,0.09741223032275835,0.11732545495033264,0.008701844697742043,1.5059443282299354e-05,0.2510792016983032
czeRZ0ZPyMw,0.08021938219252563,0.11902150015036266,0.01606365639531801,-0.00011433927219637441,0.08880839285751184,0.1080661490559578,0.0076682159169222195,-0.00012295212483830038,0.20290543138980865
0SytSGp7ymg,0.10151678731458054,0.11735852807760239,0.01151983939226988,0.00033056117798499924,0.09525079925855001,0.11375303566455841,0.007895270908846046,-7.428301829005254e-05,0.193834125995636
X2XUjX51Mws,0.0905978174880147,0.12078551451365153,0.011000590695446752,0.00037005599807249866,0.08665460372964541,0.10403764992952347,0.0067592889934457645,9.685404729134309e-05,0.18544210493564606
1cbSze0qZLs,0.0994629712568389,0.12118608504533768,0.01048053960776693,0.0001630137641473844,0.09588519682486853,0.11055886000394821,0.005109599264212358,8.01367390715549e-07,0.188566192984581
gFDTgfuJHO0,0.09811597698264651,0.11650582899649937,0.011140904145130246,0.00025490524185700826,0.09443926525612673,0.10497940704226494,0.007246461084771172,0.00017057425174556794,0.19370798766613007
lZ49B9zkre8,0.10278979076279533,0.13137266288201013,0.011874693945536429,0.00021545783767294336,0.09332770885278781,0.11242495849728584,0.0083988451104734,-9.905422951536531e-05,0.21329998970031738
hx-g6IWPLBw,0.08930868729948997,0.11485679696003596,0.009431447952583362,-7.918657191740177e-05,0.09412440328548352,0.10636584460735321,0.007383294282390889,3.2733045218221906e-06,0.26001039147377014
pC38t9Zc60s,0.09469658099114893,0.11760394523541133,0.013500809114738322,-0.00042363414791896293,0.09767177725831667,0.10987497866153717,0.009144629937047186,-0.00012126992554689782,0.24887484312057495
w7lVrWv2So0,0.10715552429772088,0.12280839681625366,0.009120149633185248,-9.272118929090064e-05,0.09422937110066414,0.10861489549279213,0.00682788425480419,3.704033268263155e-05,0.24306273460388184
HISZsBRaVbc,0.0927822730814417,0.11485679696003596,0.012044253983743,-6.491281595910889e-05,0.08886022347336014,0.10744496434926987,0.008866957069073226,-1.792042829545543e-05,0.22368331253528595
WjTetOy82_I,0.10818439134293133,0.12203582376241684,0.00963951113581298,0.0003091339894502354,0.10207817945629358,0.11343025416135788,0.005139732280115515,1.7864188884787826e-05,0.26462167501449585
zK7l7_28vcE,0.09734887938118643,0.12662254522244135,0.017325855040507054,-0.0003488165243177973,0.09696960008392731,0.11379828676581383,0.008864043093429079,-0.00012316263065251349,0.23750633001327515
T7k5HAGL_0U,0.09382399840073453,0.12619949132204056,0.017865677941489022,0.0001659438193791153,0.0936272107064724,0.11372172087430954,0.013767394769616798,0.00021669810912648184,0.25312018394470215
f_ZaTM7xsW0,0.09724791124463081,0.13195142894983292,0.016719707444014794,-0.0003796853171329404,0.0974382891630133,0.11174890026450157,0.008650962577248527,-5.802505368340443e-05,0.24515372514724731
cOVSZbeHEqE,0.10768779828730556,0.12924277037382126,0.00840103188802308,0.00024819240719977043,0.09856178369373084,0.11159728094935417,0.006720488574980962,-6.66356749809858e-05,0.22337579727172852
y9EveQ1sO8g,0.08688683114531968,0.10996174067258835,0.009339169089811616,0.00023284372992208409,0.08972372394055128,0.10278252139687538,0.004699253202271468,6.819504837702962e-05,0.22938185930252075
MHS7cZ-sRXk,0.08081576393710245,0.11485679696003596,0.008989807535653226,-0.00011625347040180278,0.08698355872184038,0.10687248036265373,0.008248273915590455,-0.0001440880520496477,0.23148933053016663
3NiO02YmKsI,0.1099966138187382,0.120394932727019,0.010225729642087933,0.00030505687696708283,0.09477597704778115,0.11316541209816933,0.006401373851443257,-8.031186984376331e-05,0.22704480588436127
vRd_jUHCtQk,0.09136057742353944,0.11485679696003596,0.013849974013114665,4.293331696118887e-05,0.08943485679725806,0.11010819301009178,0.013420572264722938,0.00020306729241919934,0.24737666547298431
6gGjJ_zx8dY,0.11333975808487999,0.1278128276268641,0.011417117760760856,0.00037947168779547616,0.09925171242405971,0.11446009576320648,0.005578968049887176,-4.9294667873789306e-05,0.23269115388393402
IfFu6505UIo,0.11281486650307972,0.12805401037136713,0.011223951229717637,0.0004049687429391708,0.09934894510855277,0.11579106748104095,0.006563223061351252,3.84742552976073e-05,0.21914950013160706
k2jgvwFPZcw,0.10728621056510342,0.1298805351058642,0.00722384722500297,0.0001831472711512543,0.09388811041911443,0.11828850582242012,0.008168557642906919,-0.00022914024770143924,0.21334654092788696
252XhPC6Xpo,0.10485119070443842,0.11837437252203624,0.007194194952953476,6.102847708776459e-05,0.09135247375816107,0.10369435325264931,0.006342168092715243,6.026272936541682e-06,0.1711561679840088
CuB5G9E6_no,0.08874274003836843,0.1284617061416308,0.014347845591177652,0.0002795738600642304,0.09010407272726298,0.11386958137154579,0.011356991191907782,0.00030950068057030556,0.23835648596286774
mh-QESFyX-o,0.11305349297407602,0.13136386374632517,0.011156312710249429,0.00043863487883890256,0.1029833602408568,0.11515440046787262,0.0069798245068729385,5.5026566280063956e-05,0.25291627645492554
GN17zZOxzdY,0.08328726765596205,0.08379283423225085,0.000396774826490391,1.0310205725582689e-05,0.07603801445414622,0.07739552482962608,0.0011591786789267357,1.8634128240155787e-05,0.17891152203083038
wCMGC49ENFw,0.10362838388731081,0.1173024872938792,0.008420514203325014,6.787627987164062e-05,0.10446282221625248,0.11478771269321442,0.005284833517230527,9.519057909907088e-05,0.24264229834079742
5zNdo6YIf7k,0.09326330152236753,0.13080340375502905,0.015347011187680058,-0.000654389367412889,0.09210670093695322,0.11363847926259041,0.01292666457670253,-0.0004977884560318316,0.22915348410606384
xkUH_PMaQxk,0.08274885163538986,0.11304743587970734,0.008078076730792439,-0.0001228103787327979,0.08054849977294604,0.10917757451534271,0.020436981352041483,-0.0008249234996071522,0.2509898543357849
kuGRt0hxv7A,0.09465689615656932,0.10669439534346263,0.007702626295965175,0.0003494069871429802,0.08538230170185367,0.09774447977542877,0.005236639643860078,-6.689670878413584e-05,0.2033858448266983
83H66fzAgoA,0.05564426866670449,0.057477581004301705,0.0019367834859707915,6.381218275301122e-05,0.06372632390509049,0.06614849343895912,0.002718289090527252,8.109627096445635e-05,0.1574530005455017
JUNmaWKVIlA,0.1150909425276849,0.1256195232272148,0.011721949470959784,0.00047927991599824415,0.10135181540002426,0.11881056800484657,0.006349818917427384,-2.581506861965335e-05,0.264271080493927
3cOK1ctl0iQ,0.09400038495659829,0.12872717281182608,0.011732265060857653,0.00011520236923792427,0.08195316505928835,0.10677638277411461,0.009047844633434268,-0.0002854909755084607,0.21014246344566345
GhIua7kpybg,0.08312787798543772,0.11485679696003596,0.004146355819974329,-5.3272280257929766e-05,0.08809448642035325,0.10369435325264931,0.0021289488473337686,-1.2623170914998416e-05,0.2192632406949997
3nPRmyk5JkM,0.06589412509153288,0.06785993153850238,0.0010481230551121902,4.072481864849221e-05,0.06492087487131357,0.06665101833641529,0.0010574780319430861,4.259492290056424e-05,0.21481561660766602
LSi2yq9rhDI,0.1069315909097592,0.1288701742887497,0.007994657151215546,0.00014391953916232584,0.09106388743966817,0.11391045153141022,0.009287521204636539,-0.00029340927111552663,0.21242162585258484
h4XUqItn8es,0.0930633183154795,0.11016176889340083,0.009864416439713596,-0.00010709137185432295,0.09613499833891789,0.10481853410601616,0.004443405016634012,0.00014029557776056945,0.20971865952014923
ApD39t1D9po,0.07980661506040226,0.11215121547381084,0.010093459515432118,-6.227859304444136e-05,0.08661324338366588,0.11393192410469055,0.00959744748129323,-0.0004215589936415862,0.2493753880262375
d3olipA0nug,0.08399865494834051,0.13340647021929422,0.01423013617679494,-0.0005165332616910212,0.08929838941742976,0.1086343266069889,0.009159957604419854,-0.0004248529988325248,0.22239859402179718
06T4-ksA_rs,0.08627025528500476,0.12324103713035583,0.009970306002091119,-0.00021606960331382294,0.08012756435200571,0.1146259531378746,0.010477806388516064,-0.00016917679334645734,0.2726340889930725
VjPZ8PL5Ojo,0.09510243170791202,0.13009754319985709,0.013721454175569784,-0.0005656837873285737,0.09408033412570754,0.11440626159310341,0.007931727470693064,-0.00021016976347637689,0.24509549140930176
AJb3GsRCDxo,0.08966523692425753,0.11485679696003596,0.01202521752589636,-0.0002024141898917149,0.09311253304282824,0.10652774944901466,0.0067675666233923465,-0.00013093405624964928,0.23587936162948608
s97OWFIj0EI,0.1074645392389761,0.12019007156292598,0.010982748047865185,0.00034944756254809097,0.0983993314827482,0.11064131185412407,0.005777866923192627,5.407011616177014e-05,0.2575051486492157
wlQoMq49O30,0.09525241009477112,0.11876135319471359,0.009425824066511957,-0.0002978100458734,0.09254525428016981,0.10787825286388397,0.008286521016916078,1.629294000025689e-05,0.21957039833068848
Cnte4MLpKSg,0.10150715946737263,0.1127689927816391,0.008624489527363671,0.00033059933321077624,0.09310329559569558,0.10223013535141945,0.004489933857513082,-2.926728308043502e-05,0.20881415903568268
kr9f-bWgk3Q,0.10115968202137286,0.11618008216222127,0.009114399821330773,0.00016157381406308014,0.09645248353481292,0.10700862482190132,0.005099447966662855,2.793583415487999e-05,0.1986158788204193
t4IG0vrvkCs,0.10967352769027154,0.12852730105320612,0.008772562301004119,0.0001497389710221653,0.09635511512557665,0.11778993532061577,0.008097712822504278,-0.00012992089280455468,0.20695270597934723
LF5NYR8gA9A,0.10620062427802218,0.12087282786766688,0.0112947566709441,0.00016355145554597963,0.0940415460926791,0.12673085927963257,0.013159588242295354,-0.0004431915397787631,0.22849148511886597
wbKjqadXlW4,0.1042346567950315,0.1158942033847173,0.008662589335097894,0.00021068474673431007,0.09405035823583603,0.11072086915373802,0.006485153682587689,-6.855529036645127e-05,0.2508843243122101
nXWS2svL1vQ,0.10272340640011762,0.13511096437772116,0.01856443212593279,0.0001043188760799423,0.09618519855042298,0.11400682851672173,0.009249613265953879,1.967175304475645e-05,0.22955261170864105
9Bu_1n3SHQU,0.09105843423555295,0.1172150323788325,0.011228241336959982,0.00011499896635195053,0.09857235966871182,0.11543191969394684,0.008519383094030854,0.0002437751371725031,0.2340637892484665
1_XdwmnaTeA,0.0980380190950301,0.12466203918059666,0.01289167944254415,0.00038119783105563815,0.10360626497616371,0.12836021929979324,0.009653713521047798,0.00020293957023578875,0.23830948770046234
MHZjgMry3XE,0.09636618021047777,0.10941070566574733,0.009527023000764296,0.0003985876484020249,0.08792031230404973,0.09720423817634583,0.004238513346651824,-1.733209565178359e-05,0.2111532837152481
yCo21eJGgVY,0.09476251115815508,0.10610857357581456,0.009027525473853971,0.0004041740215532953,0.08566682053109011,0.09504354745149612,0.008060788164039124,0.00017885904387571176,0.1981513947248459
gitzrpbOSXg,0.10011924559043513,0.11251457035541534,0.011008255830759416,0.0004358204593506744,0.08322724467143416,0.09073244035243988,0.004828294300203665,6.51250949694104e-05,0.1850561797618866
ZjnYaS35Yl4,0.08241821558525166,0.12137213597695033,0.012897731665020055,-0.0006143532492923573,0.08086066292598844,0.1103094257414341,0.016494654695282152,-0.0007857238561242081,0.2469385713338852
IWf7AieBQZY,0.08613329215182196,0.10276248554388683,0.008803068143150544,-0.00013458742674295578,0.10076232173790535,0.11637178808450699,0.00443806767676886,-5.30808372203096e-05,0.2307218611240387
nQYGrXgfpxE,0.09768774054116672,0.13245915373166403,0.010407765810538741,2.3531702184849317e-05,0.08807928453510007,0.109953872859478,0.010398639445093467,0.00010105612935929472,0.23073258996009827
_m6vE1Qn6vQ,0.10761159478376307,0.13337717453638712,0.013372210081529962,-0.00015462191061746354,0.09688521772623063,0.11679725721478462,0.009556521204513854,0.00011025216098161628,0.16446144878864288
JO2zOqN4Zu4,0.0993391680220763,0.1336055596669515,0.011729147871950125,0.00041469792686447634,0.09284977729742726,0.11327692121267319,0.005703894668082283,3.06829871730395e-05,0.2219049632549286
relwBMtW3aM,0.10454779405974682,0.11808951447407405,0.010116048485605456,0.00040540600524513313,0.08911227580780784,0.1018461287021637,0.0069311493947139926,9.391193049637674e-06,0.18756729364395142
zh3eGr3TQSw,0.07932018544524908,0.11215121547381084,0.009253044515912981,-8.881460353242168e-05,0.08205913494651516,0.10886522009968758,0.011920144586539217,-0.00039322403531027815,0.2369251251220703
4vG6MN24KTE,0.08243366885516377,0.1188352604707082,0.011656916602161695,-0.0004422857364432794,0.085484939130644,0.111115001142025,0.011701279976792258,-0.0002762723945973481,0.2559252679347992
NxELm2V4K3o,0.10417584180831911,0.12926051020622253,0.016056145051867407,0.000576148244052107,0.09275476370627682,0.1206030324101448,0.01300094772714324,0.00026302086186801504,0.24599753320217133
26v9aT53S0w,0.06936576055983702,0.11485679696003596,0.008178164302165686,-0.00028902976646449387,0.07911613496641318,0.10369435325264931,0.00535484193861975,-0.00017339324826546993,0.24105694890022278
w-RJ9gQsX_s,0.07991016683065229,0.11388286203145981,0.011050220131332283,-0.00047260982915931616,0.07610669629648328,0.11207087710499763,0.012791274258137197,-0.0005248850729046313,0.21655496954917908
QIuPy11Rtb8,0.07928247269656921,0.10431972394386928,0.009192688863191812,-0.0002550208268120762,0.07950356664756934,0.1085471361875534,0.01071597428571177,-0.00044216891772947753,0.22074736654758453
a_offw2Agj8,0.11267744180642895,0.1365109086036682,0.012125876090864683,0.00035450046674497725,0.08809402702997128,0.10960274934768677,0.010725805473876584,1.0294236903158816e-05,0.1911800354719162
LWHp2UcjUwg,0.09941377625283268,0.12213475505510966,0.007957574515793894,-6.64729571852009e-05,0.0979031161715587,0.11502711847424507,0.008192056862726097,-0.00022558221786543532,0.24387598037719727
szREWPXXwzA,0.08891732831382089,0.11358241736888885,0.007475548866137895,-0.0002462526978461668,0.08716488347078363,0.10835473611950874,0.010324845295127713,-0.00026605546326438856,0.23775191605091095
FPX2l1TSI38,0.09127302382969193,0.11900112529595692,0.012021661510072931,-2.7789794942996396e-05,0.09405349222943186,0.11068922653794289,0.008598222258115538,0.00014015139541458045,0.20965273678302765
0HJiHhta6bo,0.10058417858348952,0.11485679696003596,0.0071945598277819555,0.0001274256317402639,0.09930792227387428,0.11721416190266609,0.005794643275178846,-0.00010436495419805929,0.2400141805410385
dZ7JSEWDClM,0.0920311125823193,0.11882313340902328,0.012397730159883403,-0.0002952398613786724,0.08937494891385238,0.10511105135083199,0.006401682659073473,0.00023286436855478332,0.20075006783008575
v52sVQVyeV0,0.08582078245364956,0.11810385187466939,0.009320748334899348,-5.0150932180193705e-05,0.08734827283769846,0.09824299439787865,0.0038643952615906767,-1.745523854357297e-05,0.23074831068515778
Nf3PzttgkjE,0.1031147608740462,0.13023009399573007,0.009208470362992925,0.00023474416487568266,0.10620707223812739,0.12017353251576424,0.008675228677977815,-0.00034514035067978287,0.20489254593849182
Fxr81bzmPd8,0.09236164117852846,0.12496855109930038,0.012663734278352386,2.7165421625193717e-05,0.08692234338571628,0.11708540096879005,0.018292568438194615,1.3088626426337505e-05,0.20065535604953766
9xJesiLceew,0.09786015819344257,0.1334720974167188,0.012529735795409207,-0.0003310891441573719,0.09271432763586442,0.10901418328285217,0.008362622231662275,3.149495487264143e-05,0.20837955176830292
99vGAu1nbj0,0.09878075238731172,0.13183891276518503,0.012179334257624772,-0.0002808013739597579,0.09484120520452659,0.11047863215208054,0.006773425097693522,-0.00016382315769795743,0.23601408302783966
2pw4i9OkQXk,0.08582787544776996,0.10442380358775456,0.008439297525233706,9.295631566152116e-05,0.08669277258838216,0.10301261395215988,0.0065184266269692655,-0.00013394844000183493,0.26081880927085876
GEZsQ8MptSM,0.09615793532381453,0.12678921471039453,0.012949413981637401,-2.8471693650510524e-05,0.09192710040758054,0.115713931620121,0.011366220273397065,-0.0001581903347276124,0.2163989543914795
oLjEDClSYbM,0.08896789567338095,0.11868942032257716,0.01377394772628149,0.0002616628116370903,0.09465951068947713,0.11235355958342552,0.009815514279930179,0.0003184454043057602,0.23359918594360352
Sruprfe-ilA,0.10129995215684175,0.10711925973494847,0.004477897903712189,9.573352506500357e-05,0.09514799633373817,0.11075353249907494,0.006368900294047126,-0.00010490532820590438,0.1766471564769745
KLDs7amxKFA,0.09289781391206715,0.12403992315133412,0.015907718677860384,2.3668050328493022e-05,0.07454380445803205,0.11762703955173492,0.022870177637091028,-0.0002833871012509579,0.20344465970993042
tvKMlodgXDA,0.09048029505130319,0.12533997744321823,0.01482759309285324,-0.0004647348119578912,0.09001553508763512,0.10631247609853745,0.00774860423560181,-9.740547337327339e-06,0.20725774765014648
kKbNrj_Nh_4,0.10569744124594663,0.12598765393098196,0.011361170819578058,0.00017468163589559195,0.09407308089236419,0.1099591851234436,0.006945938375624079,0.00013843765459016944,0.22370050847530365
sGXtKEMvTKA,0.10444107533742984,0.13267104079325995,0.0072811018826466544,-7.319832475133283e-05,0.09634335121760766,0.11780714243650436,0.00793268389561013,-0.00018794102691037352,0.23036973178386688
B8Fq31Yvidk,0.08360852354930508,0.12528188526630402,0.01453642804275909,-7.869687693543243e-05,0.0846272635894517,0.1188824325799942,0.015607631252340852,-0.0002778620806670944,0.2267434000968933
BokxHGCfxgQ,0.10492234666728312,0.1342024306456248,0.011075288531721917,0.00022313278739464728,0.08781978733216723,0.10438970103859901,0.009652510564217653,0.00017279983472537577,0.21513350307941437
DeS7Hnyhcx8,0.08151960126641725,0.12205356359481812,0.013745865838740406,-0.00032372389513524115,0.08017361812914411,0.10606912896037102,0.011467363001385207,-0.0002630923492469102,0.19586902856826782
4owrmSXowA8,0.09150607058157524,0.11760074645280838,0.009265553942702526,0.0001074752369525533,0.0976084320495526,0.10716656595468521,0.003933751839995769,-3.3434465316376046e-05,0.2696567177772522
QfJwgzj8oKo,0.08838309032014675,0.1296679750084877,0.0163560503328507,-0.0002736809242106515,0.08430048730224371,0.11032963916659355,0.015736149315596144,-0.00038304537375309823,0.18675574660301208
p-khsHRDqeA,0.10885793690880138,0.13317005336284637,0.011813396284332076,0.000220668221901244,0.09691522779564063,0.111409030854702,0.00819278434005683,-0.00020257004245051612,0.20478825271129608
kumQeeK73oU,0.1041091754204697,0.13111954430739084,0.007708684743543874,-7.842345953517637e-05,0.08859830101331075,0.10841554030776024,0.008516357035373921,0.00025252002635807686,0.2327735424041748
_q0gYlZHmYU,0.10570694531003634,0.12316460907459259,0.011025735139534391,0.0002220440056629398,0.09498642524704337,0.11591915786266327,0.007026335573488768,3.9096592678878665e-05,0.19275347888469696
KznyJq0l4sQ,0.08399348838461769,0.1265334958831469,0.012340581814483977,-1.0164364491986711e-05,0.08635343834757805,0.10897072777152061,0.007441577657496476,-7.172924929375317e-05,0.2162424623966217
vAHwcPk8Ulg,0.08029809842507044,0.12462400148312251,0.011876506612726054,-0.0002772472694625212,0.08171414248645306,0.1091013103723526,0.010454641061353992,-3.7422973303438444e-05,0.21604420244693756
mOZi8WXwRQc,0.0927820577389664,0.11179623504479726,0.009148902666009626,0.0002066535555875841,0.09180690286060174,0.11584497615695,0.009507441010807726,1.3133807811150079e-05,0.22328610718250275
5Q_XrlmeMxU,0.10680632767164043,0.12617537379264832,0.009590093474376641,-0.00013728234822042154,0.08346466850489379,0.10369435325264931,0.008314605754522596,-0.00020822806645595684,0.19920001924037933
sIcISsIQO4g,0.09965192363080051,0.12264320254325867,0.009322073386776979,-8.001340080645758e-06,0.09531448325142264,0.10928825289011002,0.010306501088723108,-2.4026993296732013e-05,0.24257755279541016
AEqdva0pykM,0.10626011217633884,0.12342885881662369,0.008880565005164157,-0.00018881025934667627,0.09452473353594541,0.10853616893291473,0.005048364988531595,-0.00011130703184117074,0.1775694340467453
BJesZcq4PXo,0.0950893984072738,0.12042057017485301,0.010153796648356674,5.176325614246745e-06,0.0907219959112505,0.11032729968428612,0.007319056772517288,-0.00013942352565179833,0.2177903652191162
xrs9WVjMuSA,0.1000456606141395,0.13011876990397772,0.0122049050121317,5.1991704972494454e-05,0.0890590217585365,0.10884420946240425,0.010709568627132368,-0.00017217444030815903,0.20768144726753235
ZYSkPoqfEO0,0.09155347196178304,0.12613396843274435,0.01046418939529594,-0.000133985759374874,0.08843872615446648,0.110817089676857,0.007949451259373437,-0.00026712146377805274,0.21197953820228577
NAO9zIbYDPs,0.09556689370009634,0.12524453302224478,0.014948659779669943,0.00045258894706253785,0.09502645299459497,0.12188603729009628,0.016670393868712115,0.0005215199839165391,0.22549574077129364
VOCq724S63U,0.10411094166338446,0.11896684020757675,0.0077260503531308864,0.0002440485270048519,0.09495528632154067,0.11031600087881088,0.006812308806973068,-0.00010999711336493988,0.25386953353881836
efwLz5QnwWw,0.10082618707997933,0.129672572016716,0.015883733504632222,-7.504351820765334e-05,0.0771505535269777,0.1131870485842228,0.010602295128510845,-0.00024396372008287233,0.1876271367073059
3q3HvrykE_Y,0.08793610938721234,0.13008098800977072,0.011217917349125464,8.215804908566424e-05,0.07466118705148499,0.11281755939126015,0.013202634399504143,-0.00024348315716857998,0.1746165156364441
XVNpwE16bvM,0.11013678361972173,0.13329818348089853,0.012066046056608094,0.0001056008132683013,0.10119242860625187,0.11570163816213608,0.007234017991764433,5.476256740874932e-05,0.24326187372207642
FVHxZ_0Tk0o,0.07939666627595822,0.1129244863986969,0.009748075125622977,-1.597005214565955e-05,0.08350845693300167,0.10028146952390671,0.008427276876819162,3.1610332154074994e-05,0.24588020145893097
LEfwEo0nrO4,0.08865344162202543,0.11894762516021729,0.012679098367669988,9.286537082606885e-05,0.09446667768061161,0.10621108114719391,0.005529201312408273,-8.303879383174073e-05,0.263535737991333
V6gC7RzjdW0,0.10560340881347656,0.12908697128295898,0.017951879948457202,-0.00023209414517061353,0.1004644524306059,0.11752917617559433,0.010296487657453175,0.00021240421159130293,0.22540034353733063
rqZLuPpOTIg,0.11270292999429836,0.1344476416707039,0.011980546974519071,0.00015024821596326917,0.10136187480141719,0.1262110248208046,0.009444442917565757,-7.432935587082612e-05,0.1991928219795227
rO9-BBNAyFQ,0.08804438194880883,0.11206632852554321,0.006675153579617727,-7.0578403577016755e-06,0.08657612192134062,0.11446287482976913,0.00903812284125619,-0.0001141124574980427,0.2716611325740814
k_08xg6rGIA,0.10714966762397025,0.1150672435760498,0.0048964898220451225,0.0001121258430926128,0.10313560304542382,0.11047345027327538,0.005203528535038982,0.000121545406365335,0.23816490173339844
UGPYZk6Q03A,0.10051378378023702,0.12537167718013129,0.008155854781592592,1.6927257086365755e-05,0.0899977005707721,0.11212223768234253,0.01213470137569211,7.68024400373438e-05,0.21108314394950867
Q1MOJFqG5ck,0.10901019192404218,0.13668840378522873,0.012693801370081633,0.0001508299118834115,0.10129190248747667,0.12133042886853218,0.007926737118996842,-0.00015183279819208965,0.22098304331302643
FL1s9uX_kto,0.0928967863942186,0.12124331295490265,0.01196625632213883,0.0002724528550408864,0.07937310707444946,0.10635380074381828,0.011491486612757321,0.000219414076423953,0.20234908163547516
Z9L4lLQMKOQ,0.07275719866156578,0.11215121547381084,0.011271196324883517,-0.0003969880221695374,0.08307171516741316,0.09946946427226067,0.0069599041673883135,-0.0002061411894176794,0.23629726469516754
jtrPtgBL28Q,0.09658308345824479,0.13444770375887552,0.01309012821924459,0.0002806313922791787,0.09611228993162513,0.11121660098433495,0.007141871517626955,0.00014985793004411232,0.21343114972114563
ITFi5k1ZRmQ,0.09998350607024298,0.13220609227816263,0.01572384679004849,-0.00020380717861527602,0.09184892025465767,0.11385467648506165,0.009793340153550368,0.000172210367312114,0.21004274487495422
_RvBiluPtYQ,0.09035425113721025,0.12326917548974355,0.012583878053783314,0.00034605679910906356,0.08544987660522262,0.11661320552229881,0.011229034641762729,8.783078219127774e-05,0.1928389072418213
BcEk7JQbR-s,0.12187962751421663,0.13898560404777527,0.009009079470586377,3.632020546494122e-05,0.09568362242231766,0.12083732336759567,0.009468391530381823,-0.0001847173645988906,0.2045750468969345
7-Li4YgiS8g,0.11219168344719543,0.13139527787764868,0.013986434824902947,0.00027171807846499,0.08522448210666576,0.1237645111978054,0.0137113848579488,-8.969041227747842e-05,0.22264772653579712
C4oqtivM8QA,0.09239927505453426,0.12301665544509888,0.012286906988928273,-0.0001890093688502448,0.09547037252535423,0.12047935649752617,0.01036761124179914,-0.00014916028745656676,0.24104836583137512
8Pn4yoPupX0,0.09970196228888302,0.11269976447025935,0.008404695653794562,7.802494904658654e-05,0.09578920758018891,0.10501434281468391,0.00649218126180082,0.00022617081321504718,0.23755259811878204
9h_Nd76gH4U,0.08725306534518798,0.11043326805035274,0.014002817616871116,0.00039213486091703285,0.08190983918805918,0.10648703947663307,0.017349833413603563,0.0005359908999064194,0.22147732973098755
k9Qq6w6Jx5Q,0.08223179065518907,0.09551036854585011,0.007507399896368702,9.188039064948353e-05,0.09217525226995349,0.1006508320569992,0.004572204656133717,7.207792140512407e-05,0.269819051027298
BElbYRTtey4,0.0879257051481141,0.11696314811706543,0.014702154983676122,0.0001753400641701294,0.0927872552536428,0.11878587305545807,0.008205754661908595,-0.0002071726590573009,0.20776553452014923
-kbX5eWcKTc,0.08617846315933599,0.11215121547381084,0.007852870299138151,0.00017642565765093346,0.08484226297587157,0.11202267929911613,0.006143633470673334,5.486985266407385e-05,0.18284527957439423
KDy3kg-MHUU,0.10238174636744789,0.1221306969722112,0.008601014800257304,7.041428671856323e-05,0.10511816727618377,0.11965276673436165,0.009410301992474657,1.900716684499894e-05,0.24331170320510864
6NiguSSjQtI,0.1034582250027193,0.1307658056418101,0.013225179927385186,-7.817228708988628e-05,0.09718185725311439,0.11356126889586449,0.00803783059430061,-1.8410617343317503e-05,0.2177552431821823
NcevcKm38_o,0.09163103211257194,0.1217419405778249,0.009500972847593303,0.00018133304870337298,0.08879060198863348,0.1013379693031311,0.0042273438753817035,-3.149850761337259e-05,0.23213627934455872
oN45I3ku284,0.09748056373662418,0.11671452224254608,0.009123457159543135,-5.4272102699066026e-05,0.09270238131284714,0.10784696042537689,0.007186661652664363,-0.00012795522469518977,0.2234324812889099
JrU5TWg4ugA,0.10604533755944834,0.12018340826034546,0.009434374742069342,0.00018134402342170344,0.09791151102011403,0.104249007999897,0.006856089548077895,0.00014636407891729865,0.1799805909395218
yU_gyC3czYs,0.10545331864721245,0.14063450445731482,0.013566974750314213,0.00013622139185747082,0.09011467136442661,0.11548010632395744,0.012536783861530423,0.00012043729180195291,0.1928284615278244
94yS5VwGpl4,0.0855271668276853,0.13016711920499802,0.015343229129855253,-0.0001997784920422536,0.08646589738006392,0.10744450613856316,0.008990998870378275,5.99825400760784e-05,0.19860568642616272
aOAjkcwINpE,0.1102494427934289,0.1271946132183075,0.014104522057297154,0.0002892846482596905,0.10212482900048296,0.1181316114962101,0.007713471512156044,0.0002501557236700364,0.22758029401302338
A9cKdK2lTmI,0.08647631539238823,0.11215121547381084,0.008753844529643562,9.200035852227319e-07,0.08472598294417064,0.09708748757839203,0.006384825589115042,4.163200408841346e-05,0.21848174929618835
TN9bi1kMAYg,0.09407128797223172,0.11923901736736298,0.012855701482684235,-5.385018305485035e-05,0.09497039665778478,0.11694280058145523,0.009596125843462849,7.910909015756738e-05,0.2401832789182663
Mqe0c5zT9pE,0.102713886462152,0.12526191771030426,0.009353599039532954,0.00012267738490305842,0.09844874410579602,0.11455239355564117,0.009102552662167031,0.0001538749028615204,0.23398900032043457
9XwDXyIg25E,0.07381472192290756,0.08287181332707405,0.0036413975275325617,4.255803231371769e-05,0.08407584677139918,0.09208010882139206,0.0029718453015138693,1.7838490488761725e-05,0.18372154235839844
f-ERm8PN9dg,0.08281366537428564,0.11876309663057327,0.010519606912865258,2.635982371656237e-05,0.07127921674400568,0.09849882870912552,0.010691091483058428,-0.0001466018474078834,0.19734908640384674
DRRA2XMDqjU,0.11007099052270251,0.13321893165508905,0.017658071652977544,0.000529712167320687,0.10002378939340512,0.12444467842578888,0.010267104915583244,7.430558150080916e-05,0.2286364883184433
FyNydM1Wnfw,0.07960854027834202,0.10676681001981099,0.0067668275808809375,-8.162549356404214e-05,0.08258393521731099,0.09687479585409164,0.00729830766780244,7.504079993953967e-05,0.17844557762145996
zMOuq_vYw9U,0.0914672181631128,0.12891349693139395,0.013190023487817707,-0.0001667883281640083,0.09216883884121975,0.1258789449930191,0.009191473469828841,1.0423719878824726e-05,0.21712999045848846
Kl3NWKgiKfg,0.0980736228533917,0.13117839644352594,0.015267857539330097,-5.914581125479468e-05,0.1025545301536719,0.11634977906942368,0.005633619649320467,-0.00011215155018339822,0.2329963743686676
VFmnGtdzsi0,0.07876395796322161,0.1118846262494723,0.008331276774004432,-0.0001761611766345171,0.08183672328790029,0.09277867153286934,0.007530656486736989,0.00011497046079079821,0.24419598281383514
sU_4TbLSpFs,0.09730479158461093,0.11950036138296127,0.013317925139349056,0.00040448708432995077,0.09536247241000334,0.10454964637756348,0.00806233512175186,0.0002927053731144982,0.19662512838840485
WCmnoIJTsOo,0.0993144088735183,0.11943204452594121,0.008128154268526677,-1.255498751011157e-05,0.08754063795010249,0.11209293827414513,0.011236420867877189,0.0002615581764201715,0.20065779983997345
vnordCd3-_s,0.09479668229404424,0.11863781015078227,0.009811561168543995,0.00018416815136768994,0.09430514244983594,0.10800370573997498,0.006384416362565926,-5.36676022195922e-05,0.24339906871318817
Rmk9Ap8XOMQ,0.09498306744628482,0.12429902205864589,0.010569304608382922,0.00010029897507809038,0.09143335328747829,0.1092209480702877,0.008046179550670432,5.102855916502212e-05,0.21080879867076874
jWKPVOYrXtE,0.10402568721522888,0.12268221129973729,0.005604449491664695,3.973187031161403e-05,0.0946151984234651,0.11040738224983215,0.006760389416522624,-0.00014313622153974562,0.1952219158411026
Up4NKXQJYRk,0.10130781736224889,0.12635691712299982,0.014448059401463806,0.00035044814150228716,0.09996559380864103,0.1171964555978775,0.008479505300721953,0.0001956715069713279,0.2021399438381195
WTzDcejbayE,0.0958303875600298,0.12033400684595108,0.011053863989622666,0.00014651079599262444,0.09421134827037653,0.11188790202140808,0.008512476006316131,-6.295402813004135e-05,0.21537557244300842
rBDWOtKE2f4,0.10246529746800662,0.12286144991715749,0.013085841525304896,0.0003295193637900742,0.09467763341963291,0.11148956045508385,0.008719226433967942,0.00018113917027059016,0.20317763090133667
NhhA5E8wZrU,0.09322799162732233,0.12479410568873088,0.0157829587739546,-0.00011007431851412018,0.09586482861389717,0.11872318759560585,0.012176386374007198,0.00013230381350810076,0.21600714325904846
XGpzAcr2_i4,0.10142059789763555,0.11980429540077846,0.010515543958349067,0.00019927066507146918,0.09168386788417895,0.10597965121269226,0.007018453084631848,0.00011468487417790651,0.20841914415359497
EYQmTZm-0xs,0.08042047690186235,0.10092197855313619,0.005683501073336322,2.7248759167364644e-05,0.08663077903911472,0.09945496544241905,0.004540115224510084,6.59816650760177e-05,0.19627745449543
M4dhyeMr53I,0.08899334685670006,0.10348402212063472,0.008514936482364222,0.00023474885535326292,0.09041053134327133,0.10396840795874596,0.006679131617373884,0.00019512877865040027,0.19971194863319397
vJkZs0pA978,0.08102872702810499,0.12248965352773666,0.01431014927855774,-6.095765530649046e-05,0.09151261088748773,0.10547534376382828,0.006865918894247424,2.9134226196439545e-05,0.22350166738033295
TDKOsv9s6t0,0.10876285709026787,0.1320467616120974,0.010834183798005324,0.00015550522494091971,0.08780051041394472,0.10384653508663177,0.009657473566523448,-4.004797194112702e-05,0.19403380155563354
HOX5gfujXh4,0.08600533180352715,0.13040413707494736,0.015324540057126045,-0.00014969699658888894,0.0856360721712311,0.11593436449766159,0.015612592647287019,-0.00010846638961463011,0.223068505525589
qbJFneoRnNw,0.1045949982893136,0.122077576816082,0.010518607401869086,0.00012085989633097391,0.09692754906912644,0.1184849813580513,0.010925318626745298,0.0002669416713727848,0.22678303718566895
MDeGdAykBzI,0.09054917082604434,0.10630637655655543,0.006752977299438583,0.00017403483130655392,0.0893343691714108,0.10621791332960129,0.01255731205106807,0.0004489413753698421,0.22332033514976501
8ZYGBwImH08,0.11856614173286491,0.13641387224197388,0.00970491827826669,-5.64692938224005e-05,0.09596683296064536,0.11843898892402649,0.009719297194079442,0.00021193913761428004,0.214444100856781
MCSxSJ5VuyQ,0.11633440378225511,0.14071974406639734,0.012283451701724787,5.3667753549806626e-05,0.07457490942130486,0.0942719541490078,0.011988178356331721,-0.0002547603775417185,0.18094761669635773
ZqBmq_rSbpM,0.10880364283091491,0.13614545265833536,0.015839853134284217,0.0002740063593019277,0.09223931580781937,0.1188214123249054,0.010742018544785912,0.00020384529430060027,0.21674063801765442
oSDHBlE3mmc,0.08825394209060404,0.12744534512360892,0.017846775647253118,-0.0006427573502985673,0.07883446620156367,0.1181325912475586,0.015573305149126252,-0.0005558267955143738,0.1722603589296341
9SfZ1_F2nNc,0.09593815004660024,0.13545269022385278,0.013318842435138317,-6.0593942417484146e-05,0.09025056467701992,0.10870257019996643,0.006403741974115559,-1.540083027227152e-05,0.20839263498783112
-KFeXyq27QU,0.07618632009252907,0.11816973239183426,0.015319993810259804,-4.525320647399799e-05,0.073047719647487,0.11452547460794449,0.01613384140768501,-9.312635299546018e-05,0.16366806626319885
y2QP05sbrT8,0.08899636359678374,0.13068397591511408,0.011217509962781235,-0.00033244401785116607,0.08754264401892821,0.10804830119013786,0.009785613683242055,-0.00014915158244993126,0.24147625267505646
Zuq-Ev3rVKQ,0.10172002729442384,0.10783446083466212,0.005078741198724929,9.982468058491693e-05,0.10386586214105288,0.10905997082591057,0.0048955535918647295,0.0001409649027076222,0.23406782746315002
USkDafl0oTA,0.08325828522857694,0.10487983624140422,0.011841387785483382,0.0005112551887965349,0.07946529642989238,0.08644042909145355,0.003497157233217002,-2.0021416720962418e-05,0.16061750054359436
ziVYKYZ4ou8,0.1072086441434092,0.132614533106486,0.010909809424322885,0.00013298414419169252,0.10008706344912449,0.11178093031048775,0.005279324095090638,0.00011435607088526343,0.20921280980110168
U-TLHr0wneQ,0.086467010817594,0.12093195567528407,0.01534762695320096,-0.00026751581924131895,0.0717576131845514,0.10240320488810539,0.014950725750090519,-5.036272019537039e-06,0.17433445155620575
o39-CdlcQt8,0.0941481520111362,0.11314074446757634,0.009005992929138458,0.00017974192332319386,0.09001155849546194,0.10525057837367058,0.005848322181058596,1.2901155410060686e-05,0.26139897108078003
t3LLCm1JaDQ,0.08351218849420548,0.08900028218825658,0.0029714060504562128,0.00010600311322279348,0.07413243319218357,0.08270549774169922,0.0029392730934278467,-5.414142410774699e-05,0.15060585737228394
Ek8JPCAThnU,0.08960920859956081,0.12196403990189235,0.014709733215908242,-0.00011029776696050526,0.09922050479799509,0.11097080260515213,0.005663957259130747,3.071449444455616e-05,0.22633244097232819
_6awP7nueuM,0.08951831820110479,0.10988471905390422,0.006866765957990042,-5.7795209689549705e-05,0.08455736435328921,0.10232800245285034,0.009247692651556734,-0.0001622249001482355,0.23116058111190796
qMX2QTN7KpU,0.09540278199646207,0.13605146606763205,0.012320872747611244,-0.00018351488798715968,0.09606506694108248,0.11403201892971992,0.008806355688935568,-0.00011740797154023667,0.19698013365268707
6PfweQbwWkQ,0.10486067856351533,0.13354636232058206,0.011909270492264309,0.00030354524463086673,0.09475256775816282,0.10802546516060829,0.007255641561964658,0.00012186110417158547,0.22621965408325195
mlJt_9Xa_rQ,0.08349195170319741,0.1105228066444397,0.008704321884764806,-6.042029078943905e-05,0.09060794971883297,0.10401740670204163,0.007285951406207941,0.00026009886945559265,0.26360997557640076
9HhFmbOhTpI,0.10371271729883219,0.134106807410717,0.012260905942053806,0.00029990215399971457,0.10034318591157596,0.11166868731379509,0.006883304179058462,-6.982272169463465e-05,0.234353169798851
aBr-7lWOjFI,0.09594559880594412,0.12008481721083324,0.01088556691296293,-9.047948407102228e-05,0.06423708174067239,0.10369435325264931,0.013452916941268156,-0.0002224366740065089,0.15025284886360168
q1k1KYI874g,0.09917515936411088,0.11875742425521214,0.012018976916440757,0.0005934028006518035,0.08491852506995201,0.09461268410086632,0.006963369460123789,0.0001559157826049886,0.18962955474853516
AnSdc9TBvNs,0.10050071076386508,0.1225348562002182,0.011378291725998184,0.0002785120454388347,0.09150567116836707,0.10311081260442734,0.004763642524519766,-1.871917840837604e-05,0.22020114958286285
MeC_GQ0lG4c,0.09391592418154081,0.11412584533294041,0.01038624613606741,0.0001830691677851402,0.095130675068746,0.11473805084824562,0.008015339025248997,0.0001694749443004879,0.210576131939888
wCfwd339sow,0.09851129400647349,0.11996157219012578,0.01004919873751752,-3.0184446394890637e-05,0.09254501207421223,0.11230418458580971,0.009194061504425886,0.00022741903637094144,0.21841737627983093
LHXioxrp4Uc,0.09218282664401663,0.11636427044868469,0.009694575345325588,0.0002137519285666608,0.08498706817626953,0.10184692963957787,0.005223730981846027,1.5092893677242726e-05,0.24668951332569122
nCqLege2oVY,0.09333481916950809,0.1151369536916415,0.010090088023761917,-1.773610835308569e-05,0.08913121788452069,0.10762183368206024,0.012265818847832366,7.306842304710283e-05,0.23878496885299683
xN2xQyWDT_0,0.08675603800349765,0.11261717478434245,0.01361931717507175,3.5555930400188405e-05,0.08332196179156502,0.11760098487138748,0.011568447696331077,5.041481883045897e-05,0.202411949634552
2_48gJdVtFM,0.08999979299389654,0.11215121547381084,0.006753988090833131,8.301208101263356e-05,0.09428717885166407,0.1195991113781929,0.007196804659520807,3.78009130612583e-05,0.2341080754995346
aXoEeTz2raQ,0.09634435234798326,0.11719795316457748,0.0120256026278602,-5.511996690195952e-05,0.08249009881789486,0.10247056186199188,0.010449265695963243,0.00018690767801240205,0.205097496509552
zc3iiqNPoKI,0.09303746515264114,0.11485679696003596,0.009502250074256039,2.023052198887753e-05,0.09639029490451018,0.11379808560013771,0.007216404883293046,4.987768056691437e-05,0.22964760661125183
VriE1gkYN5g,0.09071137631932896,0.1051160916686058,0.00987253465214722,0.0001371720642737462,0.08616360261415441,0.1054689921438694,0.010573930290834688,0.00017279113696437308,0.21670813858509064
5wiSywkaitE,0.09297678207771648,0.11653490861256917,0.013246358709579511,0.0001397658040788622,0.09520592658470074,0.11066034063696861,0.006154954361632623,0.0001572672621338988,0.2223154455423355
S3i1ONs8bb4,0.08987182676792146,0.11532377948363622,0.011844659683253251,-1.0740223295922463e-05,0.09471634030342102,0.11038073524832726,0.007397785812653228,-1.9473168055989336e-05,0.2330549657344818
_RmTKMXNKB0,0.11020613828053077,0.13846434404452643,0.010242472216729566,-1.9031574724835046e-05,0.1008808920159936,0.11831360682845116,0.010859907853081774,0.00013040396710689548,0.22263135015964508
JPlJVQLY88g,0.1101728479274445,0.1287957951426506,0.00913233459900735,-0.0002731375302058454,0.08663399970779816,0.10407128557562828,0.00862462749544179,0.00016493506949041972,0.2042563557624817
sTejlg0uQJw,0.10394888814124797,0.1276943857471148,0.013983993196817732,-0.00020807237040282198,0.09031022780885299,0.10644453391432762,0.009379621556170097,3.7969225900111495e-06,0.26252585649490356
RvhqtG6CAEY,0.0869238684322201,0.12741555521885553,0.012647195813131642,-2.920670841617145e-05,0.08582254177180387,0.10854469984769821,0.015008434309768339,-0.00020451283889040482,0.19158251583576202
lNfMpSV4yfA,0.1117921637992064,0.1333321084578832,0.013322903452503511,-0.00011548301081000688,0.09308866088589032,0.10668978467583656,0.006003662150819626,-7.153793436581973e-05,0.2009560763835907
w_OZMraeS2c,0.1206788264008032,0.1333166336019834,0.013072861202245406,2.3955722234475903e-05,0.09805501562853654,0.11921973153948784,0.0070157576442871515,-0.00017060629586671317,0.22975437343120575
kBnfYeZVDnI,0.08365204111583488,0.11355784287055333,0.009973300387291724,0.00031414130561455817,0.08681744062420675,0.12070038914680481,0.010667914987606435,0.0002742238224101373,0.2003382295370102
bbkeVTogZQE,0.08933792856790251,0.11312303443749745,0.009956199026014976,0.0001194463244091575,0.09489486704312139,0.11089242622256279,0.009001671903461383,-5.9000172879283396e-05,0.23042826354503632
BYPbihMWloY,0.10339743995481292,0.12478179981311162,0.0108530480316118,-4.580300965377421e-05,0.0991832677716926,0.1155291460454464,0.0060191479161601814,-3.3604784545878924e-05,0.2294834554195404
NgK1BFAfzAM,0.10477410428140356,0.13341525693734488,0.014004789523278674,-8.212631185936298e-05,0.10469879894035644,0.1249522864818573,0.014095248143199695,-0.0001314147059964717,0.23335771262645721
Q0uk92mEa5c,0.10374126594230444,0.12088928123315175,0.008416037374848603,9.748620860759608e-05,0.0834808537834569,0.11077511683106422,0.017386263903715265,0.00013672613213068155,0.18886810541152954
T-3f5QOcAUw,0.09562525525689125,0.12760257720947266,0.01569168028427812,-0.0004874341239090469,0.08042294665106706,0.11211052536964417,0.018718085868748124,-0.0005176254522032471,0.22839729487895966
ZkJH0ZdYyag,0.10210425758903677,0.1311477099855741,0.01222592897952531,-5.3051586866292824e-05,0.08771370419047096,0.10545015335083008,0.009697514087291473,9.180531174503534e-05,0.2416350096464157
e6lmnENimHs,0.10678764126826953,0.12918396790822348,0.01234631010402022,-0.0001223861374570139,0.10557914194133547,0.11424969509243965,0.004910949625440407,0.00014742589295648815,0.25202229619026184
_Vi-hOID1tY,0.10541257737848746,0.1286552126208941,0.009570099629794352,4.9105088388651085e-06,0.09812777362904458,0.11130520701408386,0.00924201999241826,0.0003449289694997961,0.21977441012859344
bHKIOXca4fw,0.09255115343974187,0.11485679696003596,0.009379589024939157,-5.353621303307505e-05,0.0950935952580319,0.1065644845366478,0.006527684528785017,2.0205271137312344e-05,0.22950714826583862
NJddIUqnltM,0.09705994586245373,0.12597957253456116,0.00807462370873018,0.0002498701567292984,0.08869983112582794,0.11301371827721596,0.00836903107129525,8.82965927546187e-05,0.2527744472026825
JHA-5DoMWCs,0.11539719425141813,0.13557334492603937,0.014991163454896143,8.315007112511828e-05,0.09546852730214596,0.11061699688434601,0.00897538667037968,-0.000112528395430953,0.223990797996521
J4lh3YRX60M,0.09973376994331677,0.12480197350184123,0.013843447303673557,-0.00017641063784064657,0.09449908938258886,0.12004946172237396,0.012255036523914815,0.00025568250732190044,0.20546863973140717
rVx0nm78ML0,0.08449567948170258,0.12402268250783284,0.013679725834831414,-0.00045446784647346355,0.07956122287682124,0.10939006134867668,0.014008089750145702,-0.00040387424431285074,0.2314264327287674
3Rwvbbp4Uz4,0.10983616887177856,0.13417176653941473,0.012697574347755843,0.00035703750604914333,0.0931246867403388,0.10425407811999321,0.007226896893474555,-0.00011122299020982959,0.20638270676136017
gGzcYnuaHX0,0.08059651007794817,0.10213799277941386,0.011945905439247163,-0.0004174363494121546,0.06485981109511593,0.08551640436053276,0.010580431609085051,-0.0003093214204171319,0.211235910654068
87PFrqBgO3Y,0.09829327532796994,0.12644041577974954,0.007678408520056701,0.00018176082461369354,0.08376972916278433,0.11000477150082588,0.008896350361300669,-0.00013557193601791722,0.21565309166908264
jt2y4wDA8eo,0.0992939887264519,0.12139504651228587,0.00876766755312112,0.0001466509096630003,0.09485214813909632,0.11477760970592499,0.010343276835539235,0.0005020381879340601,0.23218052089214325
SyD7VgqR9Xs,0.1030136714854562,0.12219625214735667,0.009901167027700013,-8.750963936589433e-05,0.1025365135295594,0.11701718345284462,0.007070862747324741,0.0003001455503630484,0.2332705855369568
EAkOEhFhstM,0.10450923564257442,0.12919807185729346,0.013457951130402697,-0.00025666918872242495,0.08956696200701926,0.1140684112906456,0.011751242193312392,0.00022486650307659107,0.24849951267242432
dVvFjGhTiXs,0.08941968431075414,0.11741840094327927,0.01256759322741898,-0.00014098108577189025,0.09329876047041681,0.10423561930656433,0.005989855162706999,0.00011762690255528852,0.2065577358007431
QElzG8tMHcc,0.09793268522435382,0.11316763609647751,0.0052608388396564905,0.0001387141965990471,0.10174707574553268,0.11737683787941933,0.00872374368009891,0.00045544455715066105,0.23964619636535645
ZbRgYovzc-Q,0.08881911617659387,0.10958437124888103,0.010772349555127628,0.0003653643736060602,0.10047244125356276,0.11525914445519447,0.01567251389717362,0.0008705940481540054,0.22069232165813446
tPdaigPCGSU,0.10447152755488226,0.1301122655471166,0.009815822840349467,0.00022942851514974128,0.10320362348745508,0.11984681710600853,0.007010242305186323,6.163000268699397e-05,0.23328585922718048
rrxIB_Spuyk,0.09942165951718365,0.11731649686892827,0.010204770139259694,0.0006758099548290657,0.10072049008388269,0.11018380522727966,0.008565817124991014,0.0003789770716010696,0.2235386222600937
Fc0vMvfHwFI,0.09565211190354257,0.11487593501806259,0.009761691619970246,0.0002485536317141896,0.09267683082393237,0.124712985008955,0.008427723846057706,-0.0003575054777353083,0.241256982088089
PaxFbS2-6UQ,0.10079555259574026,0.13134993116060892,0.011834395633292775,0.00011418951339637087,0.10491400094968932,0.12038901075720787,0.008241215228845413,-8.69461520462811e-05,0.2305501401424408
JCnLE3GbVtQ,0.07828843352549217,0.09458762655655543,0.00601765079277669,-8.399941089774377e-05,0.05324724141289206,0.06999401189386845,0.00718871928214756,-9.916086600790321e-05,0.18803468346595764
z0AY9_QIV2g,0.08343984939718758,0.1190303514401118,0.011205829225663072,-0.00016489310079925162,0.06954140330274258,0.1018918864428997,0.016143984919084153,0.00029046062019563485,0.16971415281295776
6AD46OqWrsc,0.11182207804587153,0.12977497031291327,0.007963365413758111,0.0003414014428246231,0.11041525341570377,0.12367548048496246,0.006931108653820761,2.1408542211647165e-05,0.23393359780311584
B_kUZ7Nwafs,0.11603848331718035,0.1370346024632454,0.013417539017446111,-7.364566397843208e-05,0.09745404953437467,0.11732914298772812,0.0089498897051871,0.0005305608434061852,0.22174011170864105
doPwXOPsOng,0.1119440878911685,0.1310198480884234,0.014204362915474517,-0.00010325821987803904,0.09038767675238271,0.10538189485669136,0.009043532048817,7.503443667965606e-06,0.21751350164413452
7o2U6EdBEDo,0.09022455654477562,0.11356039593617122,0.009841014839812251,-0.00038180766997718686,0.08507905053275247,0.10649760067462921,0.011960925070283696,-0.0003590202184333917,0.24102042615413666
7gkgN-cgnqA,0.10730354568009737,0.13520575314760208,0.012270011108837027,0.00025141748589693855,0.09857247902020332,0.11434123665094376,0.00675111129679956,0.00017428907055047242,0.2294762283563614
5v1Y7jStsEo,0.11540265661734406,0.13075418521960577,0.012943781489385481,0.00023866275736000595,0.09589361375378024,0.11197299510240555,0.013104340853325902,0.0005376734785855776,0.21896523237228394
hScWOAF4DsI,0.11642842491467796,0.13595601171255112,0.010504841889965404,3.096074446715339e-05,0.09639468897254236,0.10947170853614807,0.008177098871080344,0.000620233988569629,0.23445658385753632
8XRsYfCn8iI,0.10404496321247682,0.11900293578704198,0.010295955067531119,0.0001703355015208203,0.09122405101855596,0.10417088121175766,0.010384009672412655,-0.0005347682368238192,0.30519336462020874
Dm4-zJH9kG0,0.11315684815247853,0.12658780068159103,0.00928213404768945,0.0003413135071882813,0.10501101811726889,0.1167302280664444,0.006067246703216786,-7.926770988375245e-05,0.21410740911960602
WS6Tcn--Scw,0.09448500115562368,0.1261361837387085,0.015131762391164852,-0.00037825721633303293,0.08583256885133407,0.10171065106987953,0.007754645268454312,-0.00020238199818228917,0.24391530454158783
5TAMflpH7Fg,0.0818544682925162,0.12226252009471257,0.01721338536881061,0.0009623775197308368,0.0748060529484697,0.09492043405771255,0.01367999125055598,0.00075487936975751,0.1830124408006668
BYtP34b4j74,0.08973232692935401,0.10489484667778015,0.009185836627572809,-8.618342865636387e-05,0.0776222584148248,0.09144259989261627,0.009410908497241875,-0.0002863694937980693,0.23564381897449493
x079LPWbKU0,0.09341477546276468,0.10964460422595342,0.009663661840713796,0.0010384692591887598,0.09295497479086573,0.11049055308103561,0.005595562730484123,-6.081658414970476e-05,0.2446809709072113
rLX_0_RrwRc,0.10818980071279734,0.12558980782826742,0.009745106566168187,0.0002961175338852972,0.0906119075914224,0.12215421348810196,0.015043188021383692,0.00269131420978478,0.2576395869255066
si-SY6aEPb0,0.10117624948422115,0.13861335317293802,0.017026450741044693,-0.001540707205950996,0.0860323106440214,0.1059308759868145,0.013013309552914736,0.000553191363156497,0.23537129163742065
ZwkM_C_y_Pc,0.0944991335272789,0.10476771990458171,0.008086879356918727,0.0003230133226939606,0.09411360261340936,0.09993439167737961,0.005828600400630574,-0.0014588767928736552,0.259337455034256
